filename,date_added
"accelerateur-decarbonation.yaml","2024-07-01 12:02:22 +0200"
"accelerateur-economie-circulaire.yaml","2025-07-09 14:51:42 +0200"
"act-pas-a-pas.yaml","2024-07-01 12:02:22 +0200"
"adaptation-bzh.yaml","2024-07-25 13:41:02 +0200"
"advenir.yaml","2025-03-25 10:12:57 +0100"
"agir-pdl.yaml","2025-01-17 03:43:34 +0000"
"aide-financement-occitanie.yaml","2024-12-09 14:05:58 +0000"
"aide-investissement-corse.yaml","2025-02-04 13:43:15 +0000"
"aide-investissement-librairie.yaml","2025-07-01 08:05:03 +0000"
"aide-labellisation-corse.yaml","2025-03-06 03:49:49 +0000"
"aide-tourisme-guadeloupe.yaml","2025-03-06 03:49:49 +0000"
"aide-tpe-transition-na.yaml","2025-03-06 03:49:49 +0000"
"aide-travaux-tourisme-aura.yaml","2024-11-28 12:15:05 +0100"
"aides-au-reemploi-des-emballages.yaml","2024-07-01 12:02:22 +0200"
"amelioration-qualite-de-l-air.yaml","2025-02-28 03:50:01 +0000"
"amo-chaufferie-biomasse.yaml","2024-07-01 12:02:22 +0200"
"audit-clef-verte-sud.yaml","2024-10-18 13:57:36 +0200"
"audit-energetique-en-industrie.yaml","2024-07-01 12:02:22 +0200"
"b-a-ba-du-climat-et-biodiversite.yaml","2024-12-30 03:45:21 +0000"
"baisse-les-watts.yaml","2024-07-01 12:02:22 +0200"
"bciat-biomasse-chaleur-industrie-agriculture-tertiaire.yaml","2025-06-03 01:32:04 +0200"
"bilan-carbone.yaml","2024-12-24 03:44:23 +0000"
"bonus-ecologique.yaml","2024-07-01 12:02:22 +0200"
"bonus-reparation.yaml","2024-07-25 13:41:02 +0200"
"booster-eco-energie-tertiaire.yaml","2024-07-01 12:02:22 +0200"
"booster-transformation-rev-3.yaml","2025-07-09 14:51:42 +0200"
"camping-independant-bfc.yaml","2025-02-04 13:43:15 +0000"
"camping-independant-na.yaml","2025-01-23 03:43:28 +0000"
"cap-transition-ecologique.yaml","2024-12-09 14:05:58 +0000"
"cci-business-optimizer.yaml","2025-01-08 03:44:10 +0000"
"cedre-ambition.yaml","2024-11-12 03:37:16 +0000"
"cedre-investissement.yaml","2024-09-17 15:49:20 +0000"
"cedre-premier-pas.yaml","2024-09-17 15:49:20 +0000"
"certification-agriculture-biologique.yaml","2024-09-04 11:38:47 +0200"
"certificats-economie-energie.yaml","2025-05-06 11:20:26 +0200"
"charte-zero-dechet-plastique.yaml","2024-09-17 15:49:20 +0000"
"cheque-transition-bioethanol.yaml","2024-09-17 15:49:20 +0000"
"cheque-vert-grand-est.yaml","2024-11-28 12:15:05 +0100"
"climadiag-expert.yaml","2024-07-01 12:02:22 +0200"
"communaute-coq-vert.yaml","2024-08-14 11:48:23 +0200"
"corimer.yaml","2025-04-28 20:02:40 +0200"
"coup-de-pouce-chauffage.yaml","2024-07-01 12:02:22 +0200"
"credit-impot-innovation.yaml","2025-04-15 03:57:27 +0000"
"credit-impot-recherche.yaml","2025-04-28 20:02:40 +0200"
"decarb-flash-2025-2027.yaml","2025-06-03 01:32:04 +0200"
"decarb-ind-25.yaml","2025-03-18 03:54:54 +0000"
"deploiement-flottes-hydrogene.yaml","2024-12-11 03:55:44 +0000"
"diag-adaptation.yaml","2025-04-02 03:59:45 +0000"
"diag-biodiversite.yaml","2025-05-06 11:20:26 +0200"
"diag-decarbon-action.yaml","2024-07-01 12:02:22 +0200"
"diag-eco-flux.yaml","2024-07-01 12:02:22 +0200"
"diag-ecoconception.yaml","2024-07-01 12:02:22 +0200"
"diag-impact-biodiversite.yaml","2025-07-03 04:16:02 +0000"
"diag-perf-immo.yaml","2024-07-01 12:02:22 +0200"
"diagnostic-changement-climatique.yaml","2024-07-01 12:02:22 +0200"
"diagnostic-dechets.yaml","2024-07-01 12:02:22 +0200"
"diagnostic-eco-conception-ile-de-france.yaml","2024-07-01 12:02:22 +0200"
"diagnostic-rse.yaml","2024-07-01 12:02:22 +0200"
"diagnostic-transition-ecologique.yaml","2024-07-01 12:02:22 +0200"
"eco-defis-des-artisans-et-des-commercants.yaml","2024-07-01 12:02:22 +0200"
"ecoconception-bzh.yaml","2024-07-25 13:41:02 +0200"
"ecogestes-paca.yaml","2024-07-25 13:41:02 +0200"
"ecolabel.yaml","2024-12-09 14:05:58 +0000"
"ecoproduction-hdf.yaml","2024-12-09 14:05:58 +0000"
"engins-moins-polluants.yaml","2024-07-01 12:02:22 +0200"
"entreprises-engagees-nature.yaml","2024-09-17 15:49:20 +0000"
"enviroveille.yaml","2024-07-01 12:02:22 +0200"
"etude-alimentation-durable.yaml","2024-07-01 12:02:22 +0200"
"etude-biodechets.yaml","2024-07-01 12:02:22 +0200"
"etude-centres-de-tri.yaml","2024-07-01 12:02:22 +0200"
"etude-chaufferie-biomasse.yaml","2024-07-01 12:02:22 +0200"
"etude-diagnostic-serres.yaml","2024-07-01 12:02:22 +0200"
"etude-economie-de-la-fonctionnalite.yaml","2024-07-01 12:02:22 +0200"
"etude-et-investissement-qualite-de-l-air.yaml","2024-08-14 11:48:23 +0200"
"etude-faisabilite-hydrogene.yaml","2024-07-01 12:02:22 +0200"
"etude-friches-polluees.yaml","2024-07-01 12:02:22 +0200"
"etude-gaspillage-alimentaire.yaml","2024-07-01 12:02:22 +0200"
"etude-geothermie-de-surface-et-d-aerothermie.yaml","2024-07-01 12:02:22 +0200"
"etude-geothermie-profonde.yaml","2025-02-28 03:50:01 +0000"
"etude-hydroelectricite.yaml","2024-07-01 12:02:22 +0200"
"etude-methanisation.yaml","2024-07-01 12:02:22 +0200"
"etude-performance-energetique-en-industrie.yaml","2024-07-01 12:02:22 +0200"
"etude-performance-produits.yaml","2024-07-01 12:02:22 +0200"
"etude-photovoltaique-ademe.yaml","2024-07-01 12:02:22 +0200"
"etude-photovoltaique-cci.yaml","2024-07-01 12:02:22 +0200"
"etude-projet-de-recherche.yaml","2024-07-01 12:02:22 +0200"
"etude-recuperation-de-chaleur-fatale.yaml","2024-07-01 12:02:22 +0200"
"etude-reemploi-reutilisation-reparation.yaml","2024-07-01 12:02:22 +0200"
"etude-rehabilitation-solaires-thermiques-collectives.yaml","2024-07-01 12:02:22 +0200"
"etude-reseaux-energie-renouvelable.yaml","2024-07-01 12:02:22 +0200"
"etude-solaire-thermique.yaml","2024-07-01 12:02:22 +0200"
"etude-test-geothermie.yaml","2024-07-01 12:02:22 +0200"
"evaluation-carbone-lise.yaml","2025-05-06 11:20:26 +0200"
"extreme-defi-mobilite.yaml","2024-07-01 12:02:22 +0200"
"fasep.yaml","2025-06-03 17:40:07 +0200"
"fiscalite-energetique-occitanie.yaml","2024-12-13 13:38:37 +0100"
"flotte-de-velos-a-disposition.yaml","2024-07-01 12:02:22 +0200"
"fond-vert-territoires-d-industrie.yaml","2024-07-25 09:28:47 +0200"
"fonds-tourisme-durable.yaml","2024-07-01 12:02:22 +0200"
"formation-artisan-developpement-durable.yaml","2025-04-02 03:59:45 +0000"
"formation-communiquer-et-sensibiliser.yaml","2025-07-24 14:01:06 +0000"
"formation-convaincre-et-argumenter.yaml","2025-07-24 14:01:06 +0000"
"formation-engager-entreprise-transition-ecologique.yaml","2024-07-01 12:02:22 +0200"
"formations-du-cfde.yaml","2024-07-01 12:02:22 +0200"
"formations-tee.yaml","2024-07-01 12:02:22 +0200"
"fresque-de-la-mobilite.yaml","2024-07-01 12:02:22 +0200"
"gestion-des-biodechets.yaml","2024-07-01 12:02:22 +0200"
"hotellerie-independante-bfc.yaml","2025-01-27 03:46:46 +0000"
"hotellerie-independante-na.yaml","2025-01-23 03:43:28 +0000"
"impact-co2.yaml","2025-07-03 04:16:02 +0000"
"imprim-vert.yaml","2024-07-01 12:02:22 +0200"
"impulsion-environnement.yaml","2024-12-20 14:37:13 +0000"
"industries-vertes.yaml","2024-09-04 11:38:47 +0200"
"investissement-biognv-agricole-et-territorial.yaml","2024-07-01 12:02:22 +0200"
"investissement-boucle-d-eau-geothermique.yaml","2024-08-14 11:48:23 +0200"
"investissement-centre-de-tri.yaml","2024-07-01 12:02:22 +0200"
"investissement-chaleur-bois.yaml","2024-07-01 12:02:22 +0200"
"investissement-construction-et-renovation-hors-site.yaml","2024-07-01 12:02:22 +0200"
"investissement-contrat-chaleur-renouvelable.yaml","2024-07-01 12:02:22 +0200"
"investissement-contrat-patrimonial-enr-r.yaml","2024-07-01 12:02:22 +0200"
"investissement-contre-le-gaspillage-alimentaire.yaml","2024-07-01 12:02:22 +0200"
"investissement-ecoconception.yaml","2024-07-01 12:02:22 +0200"
"investissement-geothermie-de-surface-et-d-aerothermie.yaml","2024-07-01 12:02:22 +0200"
"investissement-geothermie-profonde.yaml","2024-07-01 12:02:22 +0200"
"investissement-gestion-des-biodechets.yaml","2024-07-01 12:02:22 +0200"
"investissement-methanisation.yaml","2024-07-01 12:02:22 +0200"
"investissement-pac-solaire.yaml","2024-07-01 12:02:22 +0200"
"investissement-pour-l-approvisionnement-de-chaufferies-bois.yaml","2024-07-01 12:02:22 +0200"
"investissement-recharge-vehicules-electriques.yaml","2024-07-01 12:02:22 +0200"
"investissement-recuperation-de-chaleur-fatale.yaml","2024-07-01 12:02:22 +0200"
"investissement-reemploi-reutilisation-reparation.yaml","2024-07-01 12:02:22 +0200"
"investissement-renouvellement-forestier.yaml","2024-07-01 12:02:22 +0200"
"investissement-reseaux-de-chaleur-ou-de-froid.yaml","2024-07-01 12:02:22 +0200"
"investissement-solaire-thermique-outre-mer.yaml","2024-07-01 12:02:22 +0200"
"investissement-solaire-thermique.yaml","2024-07-01 12:02:22 +0200"
"investissement-systemes-solaires-combines.yaml","2024-07-01 12:02:22 +0200"
"investissement-velotourisme.yaml","2024-07-01 12:02:22 +0200"
"investissement-vte-vert.yaml","2024-07-01 12:02:22 +0200"
"investour.yaml","2024-09-17 15:49:20 +0000"
"je-change-ma-voiture.yaml","2025-04-17 14:59:27 +0200"
"label-clef-verte.yaml","2024-12-09 14:05:58 +0000"
"mecenaturel.yaml","2024-09-17 15:49:20 +0000"
"mission-conseil-rse.yaml","2024-07-01 12:02:22 +0200"
"mission-strategie-environnement.yaml","2024-07-01 12:02:22 +0200"
"mobilipro.yaml","2025-05-12 09:28:33 +0200"
"mooc-biodiversite-entreprise.yaml","2024-11-07 14:11:39 +0100"
"nature-ta-ville.yaml","2024-09-17 15:49:20 +0000"
"navires-energies-propre.yaml","2024-09-04 11:38:47 +0200"
"nos-gestes-climat.yaml","2024-12-24 03:44:23 +0000"
"ormat-2024.yaml","2024-07-01 12:02:22 +0200"
"ormat.yaml","2025-03-18 03:54:54 +0000"
"outils-pour-adaptation.yaml","2025-07-24 14:01:06 +0000"
"pacte-industrie.yaml","2024-07-01 12:02:22 +0200"
"pami.yaml","2025-03-25 10:12:57 +0100"
"parm-vnf.yaml","2025-05-12 09:28:33 +0200"
"pass-transformation-ecologique.yaml","2024-12-20 14:37:13 +0000"
"pass-transition-bzh.yaml","2024-12-18 10:13:18 +0100"
"perf-crise-energetique-aura.yaml","2024-11-28 12:15:05 +0100"
"perf-crise-energetique-cvl.yaml","2024-11-28 12:15:05 +0100"
"performa-environnement.yaml","2024-07-01 12:02:22 +0200"
"plan-de-mobilite.yaml","2024-07-01 12:02:22 +0200"
"pret-action-climat.yaml","2024-07-01 12:02:22 +0200"
"pret-economies-d-energie-pee.yaml","2024-07-01 12:02:22 +0200"
"pret-energie-aura.yaml","2024-11-28 12:15:05 +0100"
"pret-ile-de-france.yaml","2024-11-28 12:15:05 +0100"
"pret-tourisme.yaml","2024-11-07 14:11:39 +0100"
"pret-vert-ademe.yaml","2024-07-01 12:02:22 +0200"
"pret-vert.yaml","2024-07-01 12:02:22 +0200"
"prime-a-la-conversion.yaml","2024-07-01 12:02:22 +0200"
"prit-hdf.yaml","2025-01-23 03:43:28 +0000"
"programme-breizh-fab.yaml","2024-07-01 12:02:22 +0200"
"programme-ecod-o.yaml","2024-07-01 12:02:22 +0200"
"programme-eve.yaml","2024-07-01 12:02:22 +0200"
"programme-reseau.yaml","2025-01-13 03:50:23 +0000"
"programme-synergies-durables.yaml","2024-07-01 12:02:22 +0200"
"projets-hebergements-touristiques-cvl.yaml","2024-11-28 12:15:05 +0100"
"recharge-vehicule-electrique.yaml","2024-09-17 15:49:20 +0000"
"remove.yaml","2025-07-10 19:07:39 +0200"
"renovation-energetique.yaml","2024-07-01 12:02:22 +0200"
"renovation-petit-tertiaire-prive.yaml","2024-07-01 12:02:22 +0200"
"repar-acteurs.yaml","2024-07-01 12:02:22 +0200"
"retrofit-electrique.yaml","2024-07-01 12:02:22 +0200"
"sites-touristiques-exemplaires.yaml","2024-09-17 15:49:20 +0000"
"smart-pv.yaml","2024-09-17 15:49:20 +0000"
"sobriete-et-resilience-des-territoires.yaml","2024-07-01 12:02:22 +0200"
"solaire-ready.yaml","2024-09-17 15:49:20 +0000"
"soutien-hebergement-touristique.yaml","2025-01-08 03:44:10 +0000"
"soutien-pv-grand-est.yaml","2024-12-11 03:55:44 +0000"
"sud-pret-climat.yaml","2024-09-17 15:49:20 +0000"
"tourisme-durable-paca.yaml","2024-07-25 13:41:02 +0200"
"tpe-gagnantes-sur-tous-les-couts.yaml","2024-07-01 12:02:22 +0200"
"tremplin.yaml","2024-07-01 12:02:22 +0200"
"trophees-crisalide-eco-activites.yaml","2024-07-01 12:02:22 +0200"
"vehicule-lourd-energies-propres.yaml","2024-07-01 12:02:22 +0200"
"vehicules-lourds-electriques.yaml","2024-09-06 10:16:26 +0200"
"visite-energie-cci.yaml","2024-07-01 12:02:22 +0200"
"visite-energie-cma.yaml","2024-07-01 12:02:22 +0200"
"visite-energie.yaml","2025-05-19 16:00:54 +0200"
